{
  "list": [
    {
      "id":1,
      "title":"习近平结束出访回到北京",
      "content": "原标题：习近平结束对西班牙、阿根廷、巴拿马、葡萄牙国事访问并出席二十国集团领导人第十三次峰会回到北京。12月6日，在结束对西班牙、阿根廷、巴拿马、葡萄…领导人第十三次峰会后，国家主席习近平回到北京。习近平主席夫人彭丽媛，中共中央政治局委员、中央书记处书记、中央办公厅主任丁薛祥，中共中央政治局委员、中央外事工作委员会办公室主任杨洁篪，国务委员兼外交部部长王毅，全国政协副主席、国家发展和改革委员会主任何立峰等陪同人员同机抵达。"
    },
    {
      "id":2,
      "title":"葡萄牙各界积极评价习近平访问成果",
      "content": "12月4日至5日，习近平主席对葡萄牙进行国事访问。访问期间，双方发表联合声明，就双边关系、中欧关系以及共同关心的国际和地区问题达成广泛共识，并决定签署两国政府间共建“一带一路”合作谅解备忘录。习近平主席的访问在当地引起广泛关注。当地舆论普遍认为，在葡中两国明年2月将迎来建交40周年之际，习主席此次访问为两国友好合作开辟了更广阔的空间，进一步丰富了两国全面战略伙伴关系的内涵。12月5日，葡萄牙《新闻日报》头版头条重点报道习近平主席国事访问并配发照片。报道指出，两国元首非常期待加强各个领域的合作。葡萄牙总统德索萨表示，葡中两国文化、科技等领域的合作日益增加，经贸合作更加紧密，“希望未来两国可以进一步加深联系，推动葡中两国经济社会的持续发展。”"
    },
    {
      "id":3,
      "title":"万水千山只等闲 《我们一起走过》第七、八集",
      "content": "由中共中央宣传部、中央广播电视总台联合制作的十八集大型电视纪录片《我们一起走过——致敬改革开放40周年》在央视综合频道12月2日—10日20:00档播出，每天播出两集，央视财经频道12月3日—20日21:18每天重播一集。该片以改革开放40年取得的历史性成就和发生的历史性变革为基础，选取我国经济社会各个领域的发展变迁故事，呈现40年来中国改革开放的宏伟实践。本集以“解决短缺”“产品丰富”到“供给侧结构性改革”的消费升级为线索，以白马服装市场商户的亲身经历、江苏仪征化纤厂解决穿衣问题、“三大件”的变迁以及加拿大龙虾进入中国等故事，讲述从计划经济到商品经济再到社会主义市场经济，中国人彻底告别了凭证凭票定量供应的物资短缺时代，正在从生存型消费向发展型消费转变。百姓的日子正过得红红火火，正在创造未来更加美好的新生活。"
    },
    {
      "id":4,
      "title":"中葡关于加强战略伙伴关系的联合声明（全文）",
      "content": "应葡萄牙共和国总统德索萨邀请，中华人民共和国主席习近平于2018年12月4日至5日对葡萄牙进行国事访问。访问期间，习近平主席同德索萨总统举行会谈，分别会见罗德里格斯议长和科斯塔总理。两国领导人高度评价中葡传统友好关系不断取得发展，并就双边关系、中欧关系以及共同关心的国际和地区问题交换意见，达成广泛共识。一、双方一致认为，自1979年2月8日中葡建交，特别是自2005年建立全面战略伙伴关系以来，两国政治互信不断增强，经贸、投资、能源、金融、文化、教育、科技、司法、交通和安全等各领域合作成果丰硕。\n\n二、2019年中葡将迎来建交40周年。双方认为，在国际形势发生复杂深刻变化的大背景下，进一步加强中葡全面战略伙伴关系，赋予其新的内涵，符合两国和两国人民的根本利益，有利于维护世界和平稳定和发展繁荣。鉴此，双方一致决定本着相互尊重、平等相待、互利共赢原则，从战略高度和长远角度出发，共同努力，加强合作，进一步提升两国关系发展水平，推动中葡全面战略伙伴关系迈上新台阶。"
    },
    {
      "id":5,
      "title":"《40年：来自56个民族的家国故事》系列微视频开播",
      "content": "央视网消息为生动展示改革开放40年来中华民族在复兴之路上取得的翻天覆地的、历史性的、根本性的伟大成就，自信地向世界讲好中国故事，由国家互联网信息办公室、国家民族事务委员会指导，央视网策划制作的系列微视频《40年：来自56个民族的家国故事》今起在央视网播出。\n\n2018年9月－10月，央视网摄制团队走过17个省区，深入56个民族家庭，用心记录他们的故事。他们是脱贫攻坚一线的奋斗者，是民族团结一家亲的践行者，是优秀民族文化的传承者，是神圣国土和绿水青山的守护者……他们是14亿中华儿女的一员，是40年改革开放故事的主角。"
    }
  ]
}